stress_level_part_b,part_c_academic_score_avarage,part_c_psychological_score_avarage,part_c_social_score_avarage,part_d_problem_focued_avarage,part_d_emotion_focused_avarage,part_d_avoidant_avarage,part_d_active_coping_avarage,part_d_use_of_informational_support_avarage,part_d_positive_reframing_avarage,part_d_planing_avarage,part_d_emotional_support_avarage,part_d_venting_avarage,part_d_humor_avarage,part_d_acceptance_avarage,part_d_religion_avarage,part_d_self_blame_avarage,part_d_self_distraction_avarage,part_d_denial_avarage,part_d_substance_use_avarage,part_d_behavioral_disengagement_avarage
high_perceived_stress,4.1531940894805555,4.420659582524159,3.735000761549296,2.4873404587968846,3.1268965041465173,2.052526886203116,2.649621961415087,2.4763696723427553,2.3907734195616586,2.481055724603686,3.1604891366720356,3.117191262511204,2.3988786143443064,3.24528226753673,3.5019124054489197,3.4388012062297832,3.3903408988674424,1.4608593721229417,1.4057508492106496,2.0170217599578146
low_stress,2.2885545038946584,2.3290476396829956,2.523804128882761,2.5434047088459306,2.104589514035239,1.7054390270857283,2.56443213483969,2.3892666337393313,2.7525365879800114,2.547145019294431,2.262975414227631,1.9401851019828023,1.8479564587754544,3.230111825664544,2.127173838159292,1.407950533963334,2.2499850926064804,1.5383926686039728,1.3169431802742315,1.840845460064652
moderate_stress,3.2257395369409525,3.261200972331812,3.0903129456807594,2.852966904782626,2.5318332124419474,2.277132552805725,2.8886107225821656,2.8044376057676397,2.8952779779455913,2.858466489777501,2.5992829894783,2.519432235541454,2.3681684283804563,2.91461676552442,2.539171628615148,2.3486656557227357,2.7746964445182956,2.2120952904309563,1.8314742541347973,2.3471332342810665