stress_level_part_b,part_c_academic_score_avarage,part_c_psychological_score_avarage,part_c_social_score_avarage,part_d_problem_focued_avarage,part_d_emotion_focused_avarage,part_d_avoidant_avarage,part_d_active_coping_avarage,part_d_use_of_informational_support_avarage,part_d_positive_reframing_avarage,part_d_planing_avarage,part_d_emotional_support_avarage,part_d_venting_avarage,part_d_humor_avarage,part_d_acceptance_avarage,part_d_religion_avarage,part_d_self_blame_avarage,part_d_self_distraction_avarage,part_d_denial_avarage,part_d_substance_use_avarage,part_d_behavioral_disengagement_avarage
high_perceived_stress,4.083110958854569,4.341245179380602,3.5770293136386737,2.4205542780452207,3.0147075058785444,1.9643904070299667,2.5684231513668676,2.3732543878076204,2.300955903746612,2.3911247265241338,3.0274807881399948,2.9730343013985703,2.1875875510692278,3.1231387850948487,3.340192857708975,3.3356348839957803,3.271313236470904,1.3361331090800659,1.2934972710901023,1.892752676132411
low_stress,2.1652270087103838,2.180756281885632,2.387960576999592,2.4565952911540694,2.0522732310628005,1.632796267031919,2.43556786516031,2.257792189790081,2.659228117902342,2.3940314512938046,2.1487892916547224,1.8245207803701389,1.7402788353421927,3.122829350806044,1.9904732206642368,1.2979318189778426,2.1029560838641075,1.4027838019842627,1.2124685844316507,1.6885663046412303
moderate_stress,3.1079702315514246,3.1340559446642358,2.968975591868648,2.7572109608300224,2.440828184132492,2.172966261423524,2.781349751726135,2.6837046867224785,2.7865402038725904,2.742324024056491,2.47976839392091,2.397563811889376,2.2266932316985955,2.806727107993366,2.415373825930306,2.220504304751573,2.664038733347317,2.0705134052212175,1.686312307130025,2.214131587853321